NIK,Nama_KK,Domisili,Tanggal_Lahir,Pekerjaan,Umur,KSE,KSE_Score,KSE_Details
320050643115741000,Mana Wayudin,Semarang,21/11/1974,Buruh,50,"P1,P3,P4,P6",4,"Score: 4/6 - P1,P3,P4,P6"
320035080157737000,Ozy Usada,Padang,25/03/1993,Buruh,32,"P1,P3,P5,P6",4,"Score: 4/6 - P1,P3,P5,P6"
320066370425922000,Kenzie Ardianto,Manado,09/10/1991,Petani,33,"P1,P4,P5",3,"Score: 3/6 - P1,P4,P5"
320020160642594000,Balamantri Nurdiyanti,Medan,21/01/1969,Petani,56,"P1,P3,P5,P6",4,"Score: 4/6 - P1,P3,P5,P6"
320065198827649000,Xanana Saefulla,Lampung,26/09/1971,Wiraswasta,53,"P1,P4,P6",3,"Score: 3/6 - P1,P4,P6"
320091881160809000,Ica Nababan,Semarang,11/02/1985,Karyawan,40,"P1,P2,P4,P6",4,"Score: 4/6 - P1,P2,P4,P6"
320086729908420000,Kariman Puspasari,Merauke,05/11/1968,Wiraswasta,56,"P1,P2,P6",3,"Score: 3/6 - P1,P2,P6"
320032607950517000,Yance Simbolon,Manokwari,07/06/1977,Wiraswasta,48,"P1,P5,P6",3,"Score: 3/6 - P1,P5,P6"
320038149738175000,Nyana Mustofa,Padang,01/07/2000,Petani,25,"P1,P2,P6",3,"Score: 3/6 - P1,P2,P6"
320070309459112000,Calista Siombing,Malang,30/08/1971,Tidak Bekerja,53,"P1,P5,P6",3,"Score: 3/6 - P1,P5,P6"
320056828111469000,Rati Saragi,Malang,02/09/1956,Karyawan,68,"P1,P3,P4,P5,P6",5,"Score: 5/6 - P1,P3,P4,P5,P6"
320074458197692000,Nrima Uyaina,Depok,24/05/1980,Tidak Bekerja,45,"P1,P5,P6",3,"Score: 3/6 - P1,P5,P6"
320083569091806000,Nilam Simanjuntak,Bengkulu,26/06/1992,Buruh,33,"P1,P2",2,"Score: 2/6 - P1,P2"
320055263288603000,Saadat Suartini,Bogor,20/01/1975,Wiraswasta,50,"P1,P2,P6",3,"Score: 3/6 - P1,P2,P6"
320007526903666000,Nilam Tamrin,Merauke,14/07/1976,Buruh,48,"P1,P3,P5",3,"Score: 3/6 - P1,P3,P5"
320005834153295000,Kartika Utama,Padang,10/12/1955,Buruh,69,"P1,P4,P5,P6",4,"Score: 4/6 - P1,P4,P5,P6"
320020524369779000,Kjayeng Ramawati,Sorong,22/08/1973,Petani,51,"P1,P3,P5",3,"Score: 3/6 - P1,P3,P5"
320023757541922000,Bambang Pratama,Pekanbaru,13/09/1997,Petani,27,"P1,P3,P4,P5,P6",5,"Score: 5/6 - P1,P3,P4,P5,P6"
320012178302779000,Ina Prakasa,Depok,18/05/1981,Wiraswasta,44,"P1,P5,P6",3,"Score: 3/6 - P1,P5,P6"
320014201781673000,Kania Agustina,Depok,13/03/1957,Buruh,68,"P1,P3,P4,P5,P6",5,"Score: 5/6 - P1,P3,P4,P5,P6"
320095076107476000,Bagas Sudiati,Lampung,22/12/1974,Karyawan,50,"P1,P3,P5,P6",4,"Score: 4/6 - P1,P3,P5,P6"
320026996547400000,Alika Nurdiyanti,Bogor,17/04/1986,Wiraswasta,39,"P1,P4,P5,P6",4,"Score: 4/6 - P1,P4,P5,P6"
320050279632018000,Saiful Zulkarnain,Pontianak,08/10/1986,Petani,38,"P1,P4,P5",3,"Score: 3/6 - P1,P4,P5"
320025520814230000,Eru Nurdiyanti,Manokwari,16/05/1956,Karyawan,69,"P1,P5,P6",3,"Score: 3/6 - P1,P5,P6"
320061641922481000,Emong Yolanda,Lampung,25/06/1956,Buruh,69,"P1,P3,P5,P6",4,"Score: 4/6 - P1,P3,P5,P6"
320083674157812000,Asmadi Idayat,Manokwari,04/03/1970,Tidak Bekerja,55,"P1,P3,P6",3,"Score: 3/6 - P1,P3,P6"
320049615997543000,Ana Wijaya,Gorontalo,14/06/1979,Karyawan,46,"P1,P5,P6",3,"Score: 3/6 - P1,P5,P6"
320055493809217000,Aisya Widiastuti,Malang,08/08/1967,Tidak Bekerja,57,"P1,P2",2,"Score: 2/6 - P1,P2"
320065660405344000,Rwani Dabukke.,Balikpapan,05/10/1995,Petani,29,"P1,P2,P4",3,"Score: 3/6 - P1,P2,P4"
320025395899437000,Warta Sirait,Banjarmasin,05/05/1997,Karyawan,28,"P1,P3,P4,P5,P6",5,"Score: 5/6 - P1,P3,P4,P5,P6"
320054432077941000,Nadine Agustina,Semarang,07/07/1995,Wiraswasta,29,"P1,P2",2,"Score: 2/6 - P1,P2"
320099790408632000,Ani Aryanti,Palembang,17/07/1965,Tidak Bekerja,59,"P1,P6",2,"Score: 2/6 - P1,P6"
320006745305159000,Timbul Lailasari,Pontianak,16/09/1998,Tidak Bekerja,26,"P1,P3,P4,P5",4,"Score: 4/6 - P1,P3,P4,P5"
320087789454308000,Tgkbalapati Zulaika,Palu,12/01/1994,Tidak Bekerja,31,"P1,P3,P4",3,"Score: 3/6 - P1,P3,P4"
320001941615529000,Fitria Suwarno,Bandung,18/07/1994,Buruh,30,"P1,P4,P6",3,"Score: 3/6 - P1,P4,P6"
320022099756722000,Kamila Prasetya,Depok,10/11/1975,Petani,49,"P1,P5",2,"Score: 2/6 - P1,P5"
320086794541978000,Rangga Saefulla,Pontianak,19/10/1990,Buruh,34,"P1,P3,P5,P6",4,"Score: 4/6 - P1,P3,P5,P6"
320029523417350000,Rlatika Widiastuti,Semarang,28/04/1957,Buruh,68,"P1,P2,P3",3,"Score: 3/6 - P1,P2,P3"
320090131222138000,Sabri Ramawati,Manokwari,15/02/1993,Buruh,32,"P1,P5",2,"Score: 2/6 - P1,P5"
320045178801629000,Tgkwisnu Pudjiastuti.,Gorontalo,24/04/1978,Wiraswasta,47,P1,1,Score: 1/6 - P1
320054244519285000,Lanang Kusumo,Balikpapan,23/05/1961,Petani,64,"P1,P4,P6",3,"Score: 3/6 - P1,P4,P6"
320028864619255000,Zamira Rajata,Banjarmasin,06/12/1965,Tidak Bekerja,59,"P1,P5,P6",3,"Score: 3/6 - P1,P5,P6"
320058935744799000,Vino Pangestu,Pekanbaru,01/03/1991,Tidak Bekerja,34,"P1,P2,P6",3,"Score: 3/6 - P1,P2,P6"
320026658648285000,Martani Farida,Bengkulu,27/03/1962,Tidak Bekerja,63,"P1,P3,P5",3,"Score: 3/6 - P1,P3,P5"
320044153485704000,Rudi Laksita,Makassar,23/04/1989,Wiraswasta,36,"P1,P5,P6",3,"Score: 3/6 - P1,P5,P6"
320041407404848000,Vicky Simanjuntak,Sorong,06/05/1961,Buruh,64,"P1,P5,P6",3,"Score: 3/6 - P1,P5,P6"
320019868494507000,Mala Zulaika,Malang,02/05/1965,Petani,60,"P1,P3,P5,P6",4,"Score: 4/6 - P1,P3,P5,P6"
320075479734574000,Oliva Anggriawan,Depok,09/08/1960,Wiraswasta,64,"P1,P5,P6",3,"Score: 3/6 - P1,P5,P6"
320078930615272000,Bagiya Novitasari,Pontianak,30/07/1975,Tidak Bekerja,49,"P1,P3,P4",3,"Score: 3/6 - P1,P3,P4"
320042576891809000,Julia Manullang,Medan,28/06/1975,Tidak Bekerja,50,"P1,P4,P5",3,"Score: 3/6 - P1,P4,P5"
320039233492183000,Samia Sinaga.,Bekasi,19/12/1991,Tidak Bekerja,33,"P1,P2,P5,P6",4,"Score: 4/6 - P1,P2,P5,P6"
320073103025530000,Banara Kurniawan,Bengkulu,14/04/1993,Buruh,32,"P1,P3,P4,P6",4,"Score: 4/6 - P1,P3,P4,P6"
320091242876782000,Gilda Prastuti,Balikpapan,14/12/1987,Buruh,37,"P1,P3,P5,P6",4,"Score: 4/6 - P1,P3,P5,P6"
320079064791514000,Legawa Nasyida,Kendari,12/10/1983,Karyawan,41,"P1,P2,P5",3,"Score: 3/6 - P1,P2,P5"
320098307948501000,Aditya Mustofa,Depok,19/12/1974,Karyawan,50,"P1,P4,P6",3,"Score: 3/6 - P1,P4,P6"
320083365575031000,Ikin Saptono,Pekanbaru,26/07/1974,Karyawan,50,"P1,P3,P5",3,"Score: 3/6 - P1,P3,P5"
320045584128988000,Gading Fujiati,Jambi,18/05/1994,Buruh,31,"P1,P5,P6",3,"Score: 3/6 - P1,P5,P6"
320076104779405000,Ayu Prasetyo,Malang,22/09/1965,Tidak Bekerja,59,"P1,P3,P4,P6",4,"Score: 4/6 - P1,P3,P4,P6"
320014706389760000,Zara Akim,Samarinda,12/02/1964,Karyawan,61,"P1,P4,P6",3,"Score: 3/6 - P1,P4,P6"
320060859991178000,Laras Akim,Padang,06/06/1998,Tidak Bekerja,27,"P1,P3,P6",3,"Score: 3/6 - P1,P3,P6"
320032382067648000,Arsanto Situmorang,Sorong,03/11/1994,Petani,30,"P1,P2,P3,P6",4,"Score: 4/6 - P1,P2,P3,P6"
320016870517187000,Puti Elisa Narpati,Samarinda,22/04/1995,Petani,30,"P1,P4,P5,P6",4,"Score: 4/6 - P1,P4,P5,P6"
320044896163013000,Sakura Yuliarti,Bengkulu,13/04/1970,Tidak Bekerja,55,"P1,P5,P6",3,"Score: 3/6 - P1,P5,P6"
320033512659439000,Galu Agustina,Manado,24/03/1961,Karyawan,64,"P1,P3,P4,P5",4,"Score: 4/6 - P1,P3,P4,P5"
320010455561674000,Zulfa Assana,Medan,08/10/1994,Wiraswasta,30,"P1,P3,P5,P6",4,"Score: 4/6 - P1,P3,P5,P6"
320018215799380000,Paiman Wibisono,Manado,08/02/1968,Wiraswasta,57,"P1,P3,P5,P6",4,"Score: 4/6 - P1,P3,P5,P6"
320006677789361000,Wira Prakasa,Merauke,09/10/1991,Buruh,33,"P1,P5,P6",3,"Score: 3/6 - P1,P5,P6"
320074509610763000,Cakrawala Winarno,Pontianak,04/05/1959,Buruh,66,"P1,P3,P5,P6",4,"Score: 4/6 - P1,P3,P5,P6"
320004561269204000,Wisnu Samosir,Semarang,12/02/1965,Karyawan,60,"P1,P3,P4,P5",4,"Score: 4/6 - P1,P3,P4,P5"
320083583792952000,Lalita Irawan,Samarinda,25/07/1967,Buruh,57,"P1,P4,P5,P6",4,"Score: 4/6 - P1,P4,P5,P6"
320013415911875000,Olivia Marbun,Medan,06/12/1990,Tidak Bekerja,34,"P1,P5,P6",3,"Score: 3/6 - P1,P5,P6"
320079338007984000,Lamar Dongoran,Bogor,30/11/1958,Petani,66,"P1,P3,P5",3,"Score: 3/6 - P1,P3,P5"
320033618857197000,Amelia Andriani,Palangka Raya,13/09/1964,Wiraswasta,60,"P1,P3,P5",3,"Score: 3/6 - P1,P3,P5"
320051056018390000,Mulya Agustina,Merauke,16/03/1978,Buruh,47,"P1,P5,P6",3,"Score: 3/6 - P1,P5,P6"
320094937434646000,Puti Sadina Budiyanto,Padang,23/05/1976,Buruh,49,"P1,P6",2,"Score: 2/6 - P1,P6"
320044176569017000,Tina Firmansya,Semarang,18/06/1957,Petani,68,"P1,P3,P6",3,"Score: 3/6 - P1,P3,P6"
320000313001879000,Cut Amalia Pangestu,Sorong,12/04/2000,Wiraswasta,25,"P1,P3,P5",3,"Score: 3/6 - P1,P3,P5"
320035077947601000,Cut Kamila Sitorus,Manokwari,25/03/1965,Buruh,60,"P1,P3,P4,P6",4,"Score: 4/6 - P1,P3,P4,P6"
320044291975929000,Padmi Purnawati,Semarang,10/11/1963,Tidak Bekerja,61,"P1,P6",2,"Score: 2/6 - P1,P6"
320024104672139000,Puti Ella Pratiwi,Palangka Raya,30/05/1960,Karyawan,65,"P1,P5,P6",3,"Score: 3/6 - P1,P5,P6"
320059482067099000,Yance Zulaika,Jayapura,05/06/1984,Tidak Bekerja,41,"P1,P2,P5",3,"Score: 3/6 - P1,P2,P5"
320038150946212000,Elu Lestari,Yogyakarta,13/09/1978,Karyawan,46,"P1,P4,P6",3,"Score: 3/6 - P1,P4,P6"
320075658086064000,Tgkprasetya Prabowo,Banjarmasin,11/04/1992,Buruh,33,"P1,P3,P4,P6",4,"Score: 4/6 - P1,P3,P4,P6"
320018517018389000,Kardi Prasasta,Padang,07/01/1976,Wiraswasta,49,"P1,P3,P4,P5,P6",5,"Score: 5/6 - P1,P3,P4,P5,P6"
320006520662995000,Jasmani Sitompul,Gorontalo,17/11/1974,Tidak Bekerja,50,"P1,P3,P4",3,"Score: 3/6 - P1,P3,P4"
320007577408220000,Marwata Waluyo,Manokwari,16/12/1969,Petani,55,"P1,P3",2,"Score: 2/6 - P1,P3"
320053230120765000,Artawan Tarioran,Pekanbaru,19/04/1968,Petani,57,"P1,P3,P4,P6",4,"Score: 4/6 - P1,P3,P4,P6"
320000309718969000,Azalea Yolanda,Gorontalo,22/03/1961,Buruh,64,P5,1,Score: 1/6 - P5
320068568277692000,Esti Simbolon,Bekasi,19/12/1983,Karyawan,41,"P1,P5",2,"Score: 2/6 - P1,P5"
320028548735068000,Setya Idayanto,Malang,04/04/1991,Petani,34,"P1,P3,P5",3,"Score: 3/6 - P1,P3,P5"
320003054416112000,Titi Kurniawan,Semarang,02/02/1967,Karyawan,58,"P1,P5",2,"Score: 2/6 - P1,P5"
320028478046773000,Maya Budiyanto,Palembang,29/04/1983,Petani,42,"P1,P3,P6",3,"Score: 3/6 - P1,P3,P6"
320076673045935000,Jane Jailani,Bekasi,25/07/1962,Karyawan,62,"P1,P4",2,"Score: 2/6 - P1,P4"
320089510112061000,Endra Mansur,Balikpapan,05/05/1964,Tidak Bekerja,61,"P1,P3,P5,P6",4,"Score: 4/6 - P1,P3,P5,P6"
320057799679323000,Mana Siregar,Palangka Raya,04/05/1972,Wiraswasta,53,"P1,P4,P5",3,"Score: 3/6 - P1,P4,P5"
320075676990496000,Rcaraka Tamrin,Surabaya,11/09/1999,Karyawan,25,"P1,P5,P6",3,"Score: 3/6 - P1,P5,P6"
320050289522648000,Purwanto Waskita,Surabaya,10/10/1998,Tidak Bekerja,26,"P1,P5,P6",3,"Score: 3/6 - P1,P5,P6"
320067539770761000,Agus Siregar,Kendari,27/07/1974,Wiraswasta,50,"P1,P3,P5",3,"Score: 3/6 - P1,P3,P5"
320009448235027000,Almira Artati,Yogyakarta,09/09/1966,Petani,58,"P1,P3,P5",3,"Score: 3/6 - P1,P3,P5"
320065742551108000,Nilam Suartini,Makassar,13/08/1965,Petani,59,"P1,P2,P6",3,"Score: 3/6 - P1,P2,P6"
320062138243589000,Marsudi Kuswandari,Bekasi,19/01/1989,Tidak Bekerja,36,"P1,P3,P4,P5,P6",5,"Score: 5/6 - P1,P3,P4,P5,P6"
320073335881469000,Luwar Gunarto,Pontianak,15/10/1987,Petani,37,"P1,P3,P4,P5,P6",5,"Score: 5/6 - P1,P3,P4,P5,P6"
320032709212338000,Maria Nasyida,Yogyakarta,14/02/2000,Petani,25,"P1,P4,P6",3,"Score: 3/6 - P1,P4,P6"
320059532754062000,Gasti Prakasa,Manokwari,18/03/1984,Tidak Bekerja,41,"P1,P3,P4,P5",4,"Score: 4/6 - P1,P3,P4,P5"
320006505378419000,Krosman Wijaya,Manado,23/08/1987,Karyawan,37,"P1,P3,P6",3,"Score: 3/6 - P1,P3,P6"
320092754345201000,Okto Uyaina,Pontianak,20/04/1988,Wiraswasta,37,"P1,P3,P4,P5",4,"Score: 4/6 - P1,P3,P4,P5"
320048230247746000,Jabal Manullang,Semarang,29/03/1971,Petani,54,"P1,P3,P4,P6",4,"Score: 4/6 - P1,P3,P4,P6"
320045261647542000,Talia Maulana,Bekasi,14/01/1957,Karyawan,68,"P1,P4,P5,P6",4,"Score: 4/6 - P1,P4,P5,P6"
320037455675347000,Bagas Usada,Pontianak,28/04/1966,Tidak Bekerja,59,"P1,P4",2,"Score: 2/6 - P1,P4"
320021566606827000,Eka Prakasa,Makassar,28/12/1981,Wiraswasta,43,"P1,P6",2,"Score: 2/6 - P1,P6"
320015875062466000,Garda Prasetyo,Palangka Raya,25/02/1978,Tidak Bekerja,47,"P1,P3,P5",3,"Score: 3/6 - P1,P3,P5"
320030827642432000,Qori Sirait,Banjarmasin,27/04/1977,Petani,48,"P1,P3,P4",3,"Score: 3/6 - P1,P3,P4"
320010151752212000,Tirta Prasetyo,Semarang,25/08/1977,Karyawan,47,"P1,P3,P5",3,"Score: 3/6 - P1,P3,P5"
320086186606389000,Wawan Budiman,Kendari,19/03/1986,Karyawan,39,"P1,P4,P5",3,"Score: 3/6 - P1,P4,P5"
320036183360206000,Ajiono Namaga,Padang,06/11/1997,Petani,27,"P1,P4,P5,P6",4,"Score: 4/6 - P1,P4,P5,P6"
320054576645562000,Aisya Marpaung,Merauke,03/11/1974,Buruh,50,"P1,P4,P6",3,"Score: 3/6 - P1,P4,P6"
320094515279408000,Damu Ramawati,Bogor,26/03/1957,Buruh,68,"P3,P6",2,"Score: 2/6 - P3,P6"
320044863685758000,Azalea Winarno,Semarang,07/12/1957,Petani,67,"P1,P5,P6",3,"Score: 3/6 - P1,P5,P6"
320017436349933000,Puji Namaga,Pekanbaru,17/04/1995,Wiraswasta,30,"P1,P3,P5",3,"Score: 3/6 - P1,P3,P5"
320017417376093000,Purwa Waskita,Balikpapan,09/10/1987,Buruh,37,"P1,P2",2,"Score: 2/6 - P1,P2"
320046132065600000,Titi Mardiya,Palangka Raya,14/08/1974,Petani,50,"P1,P3,P4,P5",4,"Score: 4/6 - P1,P3,P4,P5"
320008051919634000,Jarwadi Usama,Bandung,08/10/1971,Petani,53,"P1,P4,P5,P6",4,"Score: 4/6 - P1,P4,P5,P6"
320009109413572000,Ica Iswayudi,Medan,19/02/1970,Buruh,55,"P1,P5,P6",3,"Score: 3/6 - P1,P5,P6"
320048296222397000,Victoria Winarsi,Palembang,21/08/1985,Wiraswasta,39,"P1,P3,P5",3,"Score: 3/6 - P1,P3,P5"
320070766201849000,Jaiman Kuswandari,Jambi,13/02/1966,Petani,59,"P1,P2,P6",3,"Score: 3/6 - P1,P2,P6"
320053396840760000,Tania Puspita,Merauke,30/03/1973,Tidak Bekerja,52,"P1,P3",2,"Score: 2/6 - P1,P3"
320047231730906000,Wisnu Firmansya,Lampung,13/10/1984,Karyawan,40,"P1,P3,P4,P5,P6",5,"Score: 5/6 - P1,P3,P4,P5,P6"
320054694985599000,Dimaz Narpati,Bengkulu,01/04/1999,Petani,26,"P1,P2",2,"Score: 2/6 - P1,P2"
320044883152054000,Najwa Saefulla,Malang,02/03/1955,Petani,70,"P1,P5,P6",3,"Score: 3/6 - P1,P5,P6"
320009148957972000,Alika Marpaung,Samarinda,04/11/1958,Wiraswasta,66,"P1,P3,P5",3,"Score: 3/6 - P1,P3,P5"
320047012816300000,Jarwa Aryanto,Bekasi,08/02/1963,Karyawan,62,"P1,P3,P5",3,"Score: 3/6 - P1,P3,P5"
320027772750503000,Rkariman Alima,Kendari,02/07/1993,Tidak Bekerja,32,"P1,P4,P5",3,"Score: 3/6 - P1,P4,P5"
320028498718726000,Treksa Wulandari,Semarang,13/07/1973,Tidak Bekerja,51,"P1,P3,P5,P6",4,"Score: 4/6 - P1,P3,P5,P6"
320018657141715000,Umi Suryono,Pontianak,01/05/1972,Petani,53,"P1,P5,P6",3,"Score: 3/6 - P1,P5,P6"
320091761565619000,Talia Tamba,Jayapura,08/11/1966,Karyawan,58,"P1,P2,P5",3,"Score: 3/6 - P1,P2,P5"
320096271408769000,Enteng Saragi,Manado,16/12/1986,Buruh,38,"P1,P2,P6",3,"Score: 3/6 - P1,P2,P6"
320088084236969000,Janet Lailasari,Pekanbaru,14/07/1978,Wiraswasta,46,"P1,P5,P6",3,"Score: 3/6 - P1,P5,P6"
320008285141317000,Sutan Bakiono Dongoran,Makassar,23/01/1959,Karyawan,66,"P1,P3,P4,P5,P6",5,"Score: 5/6 - P1,P3,P4,P5,P6"
320049314425651000,Tantri Saefulla,Pontianak,10/11/1987,Karyawan,37,"P1,P2",2,"Score: 2/6 - P1,P2"
320088830918559000,Setya Kuswandari,Lampung,02/04/1995,Karyawan,30,"P1,P5,P6",3,"Score: 3/6 - P1,P5,P6"
320082661386687000,Karma Padmasari,Medan,18/05/1960,Wiraswasta,65,"P1,P3,P5,P6",4,"Score: 4/6 - P1,P3,P5,P6"
320028249102693000,Lukita Situmorang,Palangka Raya,30/03/1995,Petani,30,"P1,P2,P4",3,"Score: 3/6 - P1,P2,P4"
320049641042920000,Edi Wacana,Medan,04/06/1979,Tidak Bekerja,46,"P1,P3,P5",3,"Score: 3/6 - P1,P3,P5"
320029698651979000,Silvia Megantara,Palembang,05/08/1978,Petani,46,"P1,P5,P6",3,"Score: 3/6 - P1,P5,P6"
320017560417824000,Maimuna Wulandari,Padang,30/08/1995,Tidak Bekerja,29,"P1,P2,P6",3,"Score: 3/6 - P1,P2,P6"
320083144204525000,Banawi Maulana,Manokwari,12/06/1978,Buruh,47,"P1,P3,P5",3,"Score: 3/6 - P1,P3,P5"
320096969810659000,Cager Winarno,Depok,09/06/1987,Wiraswasta,38,"P1,P3,P4,P6",4,"Score: 4/6 - P1,P3,P4,P6"
320047646990364000,Opung Andriani,Semarang,03/01/1993,Petani,32,"P1,P3,P4,P6",4,"Score: 4/6 - P1,P3,P4,P6"
320022935900185000,Gaiman Oktaviani,Lampung,15/11/1991,Karyawan,33,"P1,P5,P6",3,"Score: 3/6 - P1,P5,P6"
320040168378508000,Unjani Gunawan,Gorontalo,23/03/1980,Buruh,44,"P1,P4,P5",3,"Score: 3/6 - P1,P4,P5"
320003403059940000,Kempluk Siombing,Bengkulu,11/09/1959,Karyawan,65,"P1,P3,P6",3,"Score: 3/6 - P1,P3,P6"
320048219429500000,Martana Dabukke,Merauke,26/09/1977,Buruh,47,"P1,P4,P6",3,"Score: 3/6 - P1,P4,P6"
320059631632949000,Daru Nasiruddin,Bengkulu,12/03/1963,Buruh,62,"P1,P3,P5,P6",4,"Score: 4/6 - P1,P3,P5,P6"
320007663691144000,Wira Nugroo,Semarang,24/01/1980,Karyawan,45,"P1,P3,P4,P6",4,"Score: 4/6 - P1,P3,P4,P6"
320068263778211000,Gabriella Astuti,Yogyakarta,17/03/1977,Tidak Bekerja,48,"P1,P3,P4,P5,P6",5,"Score: 5/6 - P1,P3,P4,P5,P6"
320019652706863000,Gali Megantara,Merauke,27/12/1980,Buruh,44,"P1,P3,P5,P6",4,"Score: 4/6 - P1,P3,P5,P6"
320009630333109000,Janet Zulkarnain,Bengkulu,30/12/1980,Petani,44,"P1,P4,P5,P6",4,"Score: 4/6 - P1,P4,P5,P6"
320055470570524000,Jarwi Wastuti,Bekasi,24/06/1959,Wiraswasta,66,"P1,P2,P6",3,"Score: 3/6 - P1,P2,P6"
320018936026238000,Genta Aryani,Palangka Raya,06/07/1990,Wiraswasta,34,"P1,P4,P5,P6",4,"Score: 4/6 - P1,P4,P5,P6"
320092465372946000,Puti Tina Puspita,Pekanbaru,19/04/1964,Karyawan,61,"P1,P3,P6",3,"Score: 3/6 - P1,P3,P6"
320000790708680000,Restu Nuraini,Palangka raya,27/07/1996,Karyawan,28,"P1,P3,P5",3,"Score: 3/6 - P1,P3,P5"
320055510272176000,Cayadi Winarsi,Balikpapan,09/03/1969,Karyawan,56,"P1,P3,P4,P5,P6",5,"Score: 5/6 - P1,P3,P4,P5,P6"
320057008174562000,Lukman Permata,Merauke,03/09/2000,Petani,24,"P1,P3,P5",3,"Score: 3/6 - P1,P3,P5"
320089927206257000,Zulfa Firmansya,Malang,07/06/1980,Wiraswasta,45,"P1,P5,P6",3,"Score: 3/6 - P1,P5,P6"
320087186914157000,Lidya Maryadi,Sorong,06/07/1970,Buruh,54,"P1,P3,P4,P5,P6",5,"Score: 5/6 - P1,P3,P4,P5,P6"
320093109886507000,Dariati Maendra,Samarinda,06/12/1987,Karyawan,37,"P1,P3,P5",3,"Score: 3/6 - P1,P3,P5"
320022109544371000,Ilda Waluyo,Lampung,19/05/1984,Wiraswasta,41,"P1,P2,P3",3,"Score: 3/6 - P1,P2,P3"
320022570008952000,Silvia Nainggolan,Semarang,11/02/1989,Tidak Bekerja,36,"P1,P3,P6",3,"Score: 3/6 - P1,P3,P6"
320019612533701000,Jelita Utapea,Pekanbaru,21/01/1999,Petani,26,"P1,P3,P5,P6",4,"Score: 4/6 - P1,P3,P5,P6"
320084667446156000,Belinda Wibisono.,Gorontalo,10/10/1971,Karyawan,53,"P1,P3,P4,P5",4,"Score: 4/6 - P1,P3,P4,P5"
320072219656443000,Bagus Wibisono,Palu,18/03/1970,Tidak Bekerja,55,"P1,P4,P5",3,"Score: 3/6 - P1,P4,P5"
320042630910821000,Galar Usada,Jambi,01/06/1971,Petani,54,"P1,P3,P4,P5,P6",5,"Score: 5/6 - P1,P3,P4,P5,P6"
320088078821801000,Kemal Tarioran,Palembang,15/08/1989,Petani,35,"P1,P2,P6",3,"Score: 3/6 - P1,P2,P6"
320031997382554000,Micelle Utapea,Samarinda,09/12/1974,Karyawan,50,"P1,P3,P5,P6",4,"Score: 4/6 - P1,P3,P5,P6"
320051018757635000,Bala Firmansya,Malang,09/08/1963,Petani,61,"P1,P3,P5,P6",4,"Score: 4/6 - P1,P3,P5,P6"
320011698665840000,Kacung Irawan,Jambi,22/02/1990,Karyawan,35,"P1,P4,P5,P6",4,"Score: 4/6 - P1,P4,P5,P6"
320032946330301000,Usyi Assana,Makassar,19/06/1998,Petani,27,"P1,P3",2,"Score: 2/6 - P1,P3"
320002838853192000,Yuliana Nainggolan,Palu,17/11/1984,Tidak Bekerja,40,"P1,P6",2,"Score: 2/6 - P1,P6"
320061284928640000,Maimuna Sitompul,Pekanbaru,17/04/1979,Buruh,46,"P1,P3,P4,P5,P6",5,"Score: 5/6 - P1,P3,P4,P5,P6"
320007070511720000,Balijan Samosir,Pontianak,16/09/1970,Karyawan,54,"P1,P3,P6",3,"Score: 3/6 - P1,P3,P6"
320059065008851000,Aisya Irawan,Depok,23/07/1983,Wiraswasta,41,"P1,P2,P5",3,"Score: 3/6 - P1,P2,P5"
320002424763447000,Anom Uwais,Makassar,05/12/1991,Karyawan,33,"P1,P3,P5,P6",4,"Score: 4/6 - P1,P3,P5,P6"
320008871869986000,Jane Ardianto,Padang,21/03/1990,Karyawan,35,"P1,P3,P4",3,"Score: 3/6 - P1,P3,P4"
320047297062551000,Galar Mansur,Pekanbaru,21/02/1979,Buruh,46,"P1,P5,P6",3,"Score: 3/6 - P1,P5,P6"
320017347291868000,Puput Rajasa,Malang,28/04/1998,Wiraswasta,27,"P1,P4,P5",3,"Score: 3/6 - P1,P4,P5"
320003220422950000,Ana Laksmiwati,Pontianak,05/06/1970,Petani,55,"P1,P5,P6",3,"Score: 3/6 - P1,P5,P6"
320048327700913000,Garda Simbolon,Palu,02/04/1981,Buruh,44,"P1,P3,P4",3,"Score: 3/6 - P1,P3,P4"
320058763755143000,Zulaika Aryanto.,Bogor,03/06/1973,Petani,52,"P1,P4,P5",3,"Score: 3/6 - P1,P4,P5"
320053944378245000,Luwar Yolanda.,Lampung,16/06/1991,Karyawan,34,"P1,P3,P5",3,"Score: 3/6 - P1,P3,P5"
320079280517861000,Puti Gasti Sitorus,Merauke,29/04/1982,Karyawan,43,"P1,P6",2,"Score: 2/6 - P1,P6"
320000670491787000,Baktiono Tamrin,Jayapura,12/09/1969,Karyawan,55,"P1,P3,P5",3,"Score: 3/6 - P1,P3,P5"
320023710455523000,Kambali Mayasari,Bekasi,11/08/1970,Karyawan,54,"P1,P3,P4,P5,P6",5,"Score: 5/6 - P1,P3,P4,P5,P6"
320077391836804000,Danu Winarno,Bekasi,13/07/1979,Petani,45,"P1,P5,P6",3,"Score: 3/6 - P1,P5,P6"
320091920248456000,Tina Siombing,Manado,17/11/1981,Tidak Bekerja,43,"P1,P4,P6",3,"Score: 3/6 - P1,P4,P6"
320085345134890000,Asirwada Kuswoyo,Padang,16/10/1975,Tidak Bekerja,49,"P1,P3,P5,P6",4,"Score: 4/6 - P1,P3,P5,P6"
320082651220602000,Racel Setiawan,Banjarmasin,23/01/1975,Petani,50,"P1,P3,P4,P5,P6",5,"Score: 5/6 - P1,P3,P4,P5,P6"
320056190713256000,Nurul Wibowo,Semarang,15/08/1965,Tidak Bekerja,59,"P1,P3,P5,P6",4,"Score: 4/6 - P1,P3,P5,P6"
320028951312724000,Nadine Idayanto,Manado,22/01/1988,Tidak Bekerja,37,"P1,P3,P4,P6",4,"Score: 4/6 - P1,P3,P4,P6"
320042621147706000,Tami Marpaung,Malang,29/11/1991,Buruh,33,"P1,P3,P4,P5",4,"Score: 4/6 - P1,P3,P4,P5"
320042779691793000,Betania Widiastuti,Banjarmasin,13/01/1992,Wiraswasta,33,"P1,P4,P5",3,"Score: 3/6 - P1,P4,P5"
320027861028094000,Sutan Danuja Nasiruddin,Medan,27/04/1976,Tidak Bekerja,49,"P1,P3,P5,P6",4,"Score: 4/6 - P1,P3,P5,P6"
320011926910473000,Empluk Gunarto,Palu,02/07/1990,Tidak Bekerja,35,"P1,P3,P6",3,"Score: 3/6 - P1,P3,P6"
320048915285009000,Tasdik Narpati,Kendari,23/02/1979,Wiraswasta,46,"P1,P2,P5,P6",4,"Score: 4/6 - P1,P2,P5,P6"
320041933089271000,Vino Sitorus,Malang,09/01/1987,Karyawan,38,"P1,P3,P5,P6",4,"Score: 4/6 - P1,P3,P5,P6"
320001703724612000,Jabal Marbun,Manokwari,22/06/1997,Petani,28,"P1,P4,P6",3,"Score: 3/6 - P1,P4,P6"
320053280403539000,Jelita Mandasari,Malang,15/06/1974,Karyawan,51,"P1,P2",2,"Score: 2/6 - P1,P2"
320025438098722000,Rati Tamrin,Balikpapan,27/11/1955,Buruh,69,"P1,P3,P5,P6",4,"Score: 4/6 - P1,P3,P5,P6"
320015214708127000,Siska Winarsi,Jayapura,16/11/1982,Wiraswasta,42,"P1,P4,P5,P6",4,"Score: 4/6 - P1,P4,P5,P6"
320054977459400000,Nova Kusumo.,Balikpapan,24/07/1981,Petani,43,"P1,P3,P4,P5",4,"Score: 4/6 - P1,P3,P4,P5"
320067047272052000,Kajen Widodo,Medan,03/09/1974,Karyawan,50,"P1,P6",2,"Score: 2/6 - P1,P6"
320017454193329000,Teddy Firgantoro,Jambi,26/02/1983,Tidak Bekerja,42,"P1,P4,P5,P6",4,"Score: 4/6 - P1,P4,P5,P6"
320070358013272000,Galar Puspasari,Bengkulu,16/12/1997,Wiraswasta,27,"P1,P3,P5",3,"Score: 3/6 - P1,P3,P5"
320036131171910000,Rmila Budiman,Bandung,17/02/1977,Wiraswasta,48,"P1,P3,P4,P5,P6",5,"Score: 5/6 - P1,P3,P4,P5,P6"
320038104559598000,Intan Simanjuntak,Padang,29/11/1995,Karyawan,29,"P1,P3,P4,P6",4,"Score: 4/6 - P1,P3,P4,P6"
320097102985501000,Agnes Yuniar,Pontianak,18/07/1984,Tidak Bekerja,40,"P1,P4,P6",3,"Score: 3/6 - P1,P4,P6"
320063098633819000,Vera Marpaung,Bogor,02/03/1987,Wiraswasta,38,"P1,P5,P6",3,"Score: 3/6 - P1,P5,P6"
320026082571625000,Zalindra Laksmiwati,Samarinda,25/03/1970,Buruh,55,"P1,P2,P5,P6",4,"Score: 4/6 - P1,P2,P5,P6"
320073976245891000,Janet Salaudin,Lampung,22/07/1956,Wiraswasta,68,"P1,P3,P5,P6",4,"Score: 4/6 - P1,P3,P5,P6"
320069482551820000,Limar Sinaga,Jambi,16/01/1963,Karyawan,62,"P1,P6",2,"Score: 2/6 - P1,P6"
320037950626292000,Irfan Sudiati,Palembang,19/09/1978,Wiraswasta,46,"P1,P3,P4,P5",4,"Score: 4/6 - P1,P3,P4,P5"
320047865644556000,Bakiman Idayat,Pekanbaru,10/08/1988,Petani,36,"P1,P3,P4,P5",4,"Score: 4/6 - P1,P3,P4,P5"
320089746017145000,Nilam Ardiansya,Malang,07/08/1980,Buruh,44,"P1,P4,P5,P6",4,"Score: 4/6 - P1,P4,P5,P6"
320015005478644000,Lalita Firmansya,Manokwari,27/06/1974,Buruh,51,"P1,P3,P4,P5,P6",5,"Score: 5/6 - P1,P3,P4,P5,P6"
320005204195151000,Marwata Narpati,Pekanbaru,20/06/1955,Karyawan,70,"P1,P2,P5,P6",4,"Score: 4/6 - P1,P2,P5,P6"
320032212447260000,Taufan Wacana,Malang,10/10/1972,Petani,52,"P1,P3,P5",3,"Score: 3/6 - P1,P3,P5"
320033618992366000,Tina Melani,Surabaya,18/12/1984,Petani,40,"P1,P3,P5",3,"Score: 3/6 - P1,P3,P5"
320026061451687000,Zizi Anggraini,Banjarmasin,08/08/1998,Buruh,26,"P1,P3,P4,P5",4,"Score: 4/6 - P1,P3,P4,P5"
320018674081859000,Jono Nasyia,Gorontalo,13/01/1965,Buruh,60,"P1,P3,P5",3,"Score: 3/6 - P1,P3,P5"
320018015085831000,Gani Kusumo,Bogor,25/06/1986,Karyawan,39,"P1,P3,P5,P6",4,"Score: 4/6 - P1,P3,P5,P6"
320085198176006000,Dia Natsir,Gorontalo,19/12/1975,Tidak Bekerja,49,"P1,P5",2,"Score: 2/6 - P1,P5"
320046961586697000,Klukman Siotang,Jambi,19/04/1963,Wiraswasta,62,"P1,P4,P6",3,"Score: 3/6 - P1,P4,P6"
320076697842774000,Ida Firgantoro,Palu,26/01/1978,Karyawan,47,"P1,P5,P6",3,"Score: 3/6 - P1,P5,P6"
320085557367285000,Jasmin Gunawan,Surabaya,14/06/1992,Karyawan,33,"P1,P3,P4,P6",4,"Score: 4/6 - P1,P3,P4,P6"
320001590280479000,Jarwi Permadi,Surabaya,04/01/1961,Petani,64,"P1,P3,P5,P6",4,"Score: 4/6 - P1,P3,P5,P6"
320056445144421000,Elvina Nurdiyanti,Medan,01/07/1964,Petani,61,"P1,P3,P5,P6",4,"Score: 4/6 - P1,P3,P5,P6"
320052065074672000,Gabriella Marpaung,Balikpapan,28/04/1955,Buruh,70,"P1,P3,P5",3,"Score: 3/6 - P1,P3,P5"
320007491610661000,Tgkirsad Mansur,Palembang,30/05/1956,Tidak Bekerja,69,"P1,P3,P4",3,"Score: 3/6 - P1,P3,P4"
320047399860691000,Puput Nasiruddin,Bogor,04/08/1961,Buruh,63,"P1,P2,P5",3,"Score: 3/6 - P1,P2,P5"
320073772097214000,Karima Tamrin,Kendari,12/05/1986,Buruh,39,"P1,P3,P5,P6",4,"Score: 4/6 - P1,P3,P5,P6"
320065018859733000,Padmi Santoso,Bogor,05/06/1992,Tidak Bekerja,33,"P1,P3,P6",3,"Score: 3/6 - P1,P3,P6"
320026019567702000,Fara Ardiansya,Pontianak,07/08/1963,Buruh,61,"P1,P2",2,"Score: 2/6 - P1,P2"
320068276368964000,Lalita Wayudin,Jambi,08/04/1987,Karyawan,38,"P1,P3,P4,P6",4,"Score: 4/6 - P1,P3,P4,P6"
320010747793356000,Karima Budiman,Balikpapan,07/07/1972,Wiraswasta,52,"P1,P4,P5,P6",4,"Score: 4/6 - P1,P4,P5,P6"
320071384585105000,Luung Andriani,Banjarmasin,06/06/1984,Wiraswasta,41,"P1,P4,P5,P6",4,"Score: 4/6 - P1,P4,P5,P6"
320098789827837000,Yoga Kusumo,Pekanbaru,13/08/1957,Tidak Bekerja,67,"P1,P3,P5,P6",4,"Score: 4/6 - P1,P3,P5,P6"
320057532489833000,Paris Artati,Kendari,09/10/1963,Wiraswasta,61,"P1,P4,P6",3,"Score: 3/6 - P1,P4,P6"
320058269193425000,Kamila Sudiati,Manokwari,08/08/1977,Buruh,47,"P1,P2",2,"Score: 2/6 - P1,P2"
320047016799814000,Janet Safitri,Gorontalo,19/02/1995,Karyawan,30,"P1,P3,P6",3,"Score: 3/6 - P1,P3,P6"
320077303751288000,Tgkpurwanto Siombing,Semarang,17/12/1974,Petani,50,"P1,P2,P6",3,"Score: 3/6 - P1,P2,P6"
320041790272481000,Capa Abibi,Gorontalo,13/09/1985,Wiraswasta,39,"P1,P2,P4,P5",4,"Score: 4/6 - P1,P2,P4,P5"
320026292311532000,Sara Maulana,Palu,16/02/1986,Buruh,39,"P1,P2,P6",3,"Score: 3/6 - P1,P2,P6"
320089512914542000,Puti Mala Suwarno,Jambi,22/01/1974,Karyawan,51,"P1,P2,P6",3,"Score: 3/6 - P1,P2,P6"
320006488436291000,Jamalia Mandasari,Medan,24/12/1984,Petani,40,"P1,P3,P5,P6",4,"Score: 4/6 - P1,P3,P5,P6"
320098227040594000,Ari Raayu,Jambi,25/03/1989,Wiraswasta,36,"P1,P3,P5,P6",4,"Score: 4/6 - P1,P3,P5,P6"
320052052720780000,Nilam Pradipta,Bogor,12/11/1959,Tidak Bekerja,65,"P1,P3,P4,P5,P6",5,"Score: 5/6 - P1,P3,P4,P5,P6"
320086312170141000,Aswani Prastuti,Palangka Raya,17/04/1979,Tidak Bekerja,46,"P1,P2,P5,P6",4,"Score: 4/6 - P1,P2,P5,P6"
320067022293209000,Aslijan Waluyo.,Manokwari,10/06/1968,Karyawan,57,"P1,P2",2,"Score: 2/6 - P1,P2"
320047821617434000,Elma Nainggolan,Semarang,03/02/1967,Karyawan,58,"P1,P2,P5,P6",4,"Score: 4/6 - P1,P2,P5,P6"
320025703355735000,Bajragin Tamba,Yogyakarta,05/05/1967,Petani,58,"P1,P5,P6",3,"Score: 3/6 - P1,P5,P6"
320039489174458000,Jamil Rajata,Manado,13/06/1963,Petani,62,"P1,P3,P5,P6",4,"Score: 4/6 - P1,P3,P5,P6"
320074143139011000,Putri Wastuti,Gorontalo,29/06/1979,Petani,46,"P1,P4",2,"Score: 2/6 - P1,P4"
320073987068397000,Tgkpia Kuswoyo,Bogor,11/09/1991,Buruh,33,"P1,P4,P6",3,"Score: 3/6 - P1,P4,P6"
320003815077097000,Yoga Maeswara,Lampung,07/03/1960,Tidak Bekerja,65,"P1,P5,P6",3,"Score: 3/6 - P1,P5,P6"
320009712581131000,Cut Ica Irawan,Yogyakarta,10/12/1963,Tidak Bekerja,61,"P1,P2,P3",3,"Score: 3/6 - P1,P2,P3"
320020292586470000,Talia Winarsi,Yogyakarta,25/06/1962,Petani,63,"P1,P3,P4,P5,P6",5,"Score: 5/6 - P1,P3,P4,P5,P6"
320056915826046000,Cakrajiya Nasiruddin,Malang,05/10/1980,Petani,44,"P1,P3,P4,P5,P6",5,"Score: 5/6 - P1,P3,P4,P5,P6"
320010723329491000,Rafi Januar,Merauke,19/01/1993,Petani,32,"P1,P3,P4,P6",4,"Score: 4/6 - P1,P3,P4,P6"
320073972455378000,Jarwi Saputra,Bogor,27/09/1978,Buruh,46,"P1,P3,P5,P6",4,"Score: 4/6 - P1,P3,P5,P6"
320073724872764000,Bakidin Nugroo,Malang,11/02/1999,Tidak Bekerja,26,"P1,P4,P5,P6",4,"Score: 4/6 - P1,P4,P5,P6"
320021042945101000,Jaswadi Siregar,Gorontalo,04/10/1977,Petani,47,"P1,P3,P5",3,"Score: 3/6 - P1,P3,P5"
320052317926102000,Jayadi Laksita,Pontianak,13/03/1996,Tidak Bekerja,29,"P1,P3,P5,P6",4,"Score: 4/6 - P1,P3,P5,P6"
320089936119834000,Uli Yulianti,Bengkulu,29/04/1966,Buruh,59,"P1,P5,P6",3,"Score: 3/6 - P1,P5,P6"
320034143186495000,Kalim Najmudin,Jayapura,23/03/1959,Wiraswasta,66,"P1,P4,P6",3,"Score: 3/6 - P1,P4,P6"
320009899715395000,Tgkgina Anggriawan,Gorontalo,23/05/1985,Petani,40,"P1,P3,P5",3,"Score: 3/6 - P1,P3,P5"
320041302623817000,Samia Raayu,Bandung,14/04/1999,Tidak Bekerja,26,"P1,P3,P5,P6",4,"Score: 4/6 - P1,P3,P5,P6"
320006737971951000,Gadu Yuliarti,Samarinda,17/04/1986,Karyawan,39,"P1,P4,P5,P6",4,"Score: 4/6 - P1,P4,P5,P6"
320005324322005000,Zamira Marbun,Manokwari,13/12/1966,Tidak Bekerja,58,"P1,P2,P5",3,"Score: 3/6 - P1,P2,P5"
320016836317245000,Sutan Gamanto Suartini,Jambi,11/06/1969,Karyawan,56,"P1,P3,P5,P6",4,"Score: 4/6 - P1,P3,P5,P6"
320036587593986000,Madinata Susanti,Palembang,08/10/1996,Wiraswasta,28,"P1,P3,P4,P6",4,"Score: 4/6 - P1,P3,P4,P6"
320094413246557000,Cici Zulkarnain,Balikpapan,20/08/1971,Petani,53,"P1,P2,P6",3,"Score: 3/6 - P1,P2,P6"
320097367174081000,Eko Siotang,Semarang,14/09/1996,Tidak Bekerja,28,"P1,P3,P4,P5,P6",5,"Score: 5/6 - P1,P3,P4,P5,P6"
320047285414594000,Tami Tamba,Kendari,11/02/1970,Tidak Bekerja,55,"P1,P4,P6",3,"Score: 3/6 - P1,P4,P6"
320079167997856000,Ciaobella Mardiya,Palembang,14/03/1962,Buruh,63,"P1,P3,P6",3,"Score: 3/6 - P1,P3,P6"
320099451139783000,Vivi Siregar,Palu,08/11/1971,Petani,53,"P1,P3,P5,P6",4,"Score: 4/6 - P1,P3,P5,P6"
320064242256225000,Suci Mustofa,Bogor,15/04/1964,Buruh,61,"P1,P5,P6",3,"Score: 3/6 - P1,P5,P6"
320017806209677000,Gasti Kusmawati,Bandung,23/05/1972,Karyawan,53,"P1,P5,P6",3,"Score: 3/6 - P1,P5,P6"
320049154497313000,Kayun Situmorang,Pekanbaru,03/02/1962,Petani,63,"P1,P2,P5",3,"Score: 3/6 - P1,P2,P5"
320080203365735000,Dinda Salaudin,Jayapura,18/02/1993,Petani,32,"P1,P5,P6",3,"Score: 3/6 - P1,P5,P6"
320049501660732000,Karja Kuswoyo,Pekanbaru,07/04/1976,Buruh,49,"P1,P6",2,"Score: 2/6 - P1,P6"
320085051640622000,Tami Wibowo,Palembang,05/07/1969,Karyawan,56,"P1,P3,P5",3,"Score: 3/6 - P1,P3,P5"
320075771278198000,Rusman Putra,Bandung,02/09/1991,Karyawan,33,"P1,P2,P3",3,"Score: 3/6 - P1,P2,P3"
320075137391278000,Janet Uwais,Bandung,30/05/1999,Karyawan,26,"P1,P3,P4,P5,P6",5,"Score: 5/6 - P1,P3,P4,P5,P6"
320061313751321000,Kasirwanda Lestari,Yogyakarta,09/07/1970,Buruh,54,"P1,P3,P5,P6",4,"Score: 4/6 - P1,P3,P5,P6"
320049314732416000,Cakrawala Waskita,Samarinda,15/06/1984,Buruh,41,"P1,P3,P4",3,"Score: 3/6 - P1,P3,P4"
320069808312731000,Janet Aryanto,Jayapura,15/09/1993,Petani,31,"P1,P3,P5,P6",4,"Score: 4/6 - P1,P3,P5,P6"
320034505129760000,Tari Puspita,Banjarmasin,11/01/1994,Wiraswasta,31,"P1,P4,P6",3,"Score: 3/6 - P1,P4,P6"
320011903689477000,Nilam Damanik,Manado,18/08/1968,Buruh,56,"P1,P3,P4,P6",4,"Score: 4/6 - P1,P3,P4,P6"
320038151996945000,Ade Wacana,Medan,10/02/1974,Petani,51,"P1,P3,P4,P5,P6",5,"Score: 5/6 - P1,P3,P4,P5,P6"
320097385095785000,Ellis Manullang,Sorong,17/09/1980,Wiraswasta,44,"P1,P2,P5",3,"Score: 3/6 - P1,P2,P5"
320000742144477000,Safina Salaudin,Pekanbaru,27/03/1982,Wiraswasta,43,"P1,P4,P5",3,"Score: 3/6 - P1,P4,P5"
320023492662587000,Tami Suryono,Malang,12/11/1955,Wiraswasta,69,"P1,P3,P5,P6",4,"Score: 4/6 - P1,P3,P5,P6"
320050792397084000,Ardi Agustina,Kendari,18/03/1987,Karyawan,38,"P1,P2,P6",3,"Score: 3/6 - P1,P2,P6"
320081073029039000,Julia Lailasari,Lampung,30/05/1962,Tidak Bekerja,63,"P1,P3,P5,P6",4,"Score: 4/6 - P1,P3,P5,P6"
320040079097432000,Keisa Sinaga,Medan,04/01/1993,Wiraswasta,32,"P1,P3,P4,P6",4,"Score: 4/6 - P1,P3,P4,P6"
320029643684560000,Lanjar Andayani,Balikpapan,27/03/1972,Tidak Bekerja,53,"P1,P2,P6",3,"Score: 3/6 - P1,P2,P6"
320071485914213000,Puti Puspa Nasiruddin,Samarinda,03/04/1996,Karyawan,29,"P1,P5,P6",3,"Score: 3/6 - P1,P5,P6"
320025662061025000,Damar Marbun,Yogyakarta,25/04/1995,Petani,30,"P1,P5,P6",3,"Score: 3/6 - P1,P5,P6"
320010449019578000,Sutan Viktor Simanjuntak,Yogyakarta,09/07/1957,Tidak Bekerja,67,"P1,P5",2,"Score: 2/6 - P1,P5"
320029548426078000,Tgkcinta Anggriawan,Pontianak,05/04/1957,Petani,68,"P1,P2",2,"Score: 2/6 - P1,P2"
320028422513659000,Fara Siombing,Pekanbaru,08/08/1956,Karyawan,68,"P1,P3,P5,P6",4,"Score: 4/6 - P1,P3,P5,P6"
320008981648392000,Ratna Widodo,Kendari,30/06/1964,Tidak Bekerja,61,"P1,P3,P5",3,"Score: 3/6 - P1,P3,P5"
320084288356733000,Mujur Astuti,Balikpapan,24/06/2000,Wiraswasta,25,"P1,P3,P5,P6",4,"Score: 4/6 - P1,P3,P5,P6"
320026737271174000,Melinda Siombing,Bengkulu,17/12/1975,Wiraswasta,49,"P1,P4,P5,P6",4,"Score: 4/6 - P1,P4,P5,P6"
320092745330928000,Qori Gunarto,Jayapura,13/02/1994,Tidak Bekerja,31,"P1,P2",2,"Score: 2/6 - P1,P2"
320084054616430000,Paiman Anggriawan,Lampung,08/11/1999,Petani,25,"P1,P5",2,"Score: 2/6 - P1,P5"
320034903101227000,Eka Sitorus,Padang,12/07/1973,Wiraswasta,51,"P1,P5,P6",3,"Score: 3/6 - P1,P5,P6"
320071061269023000,Yusuf Simanjuntak,Jayapura,11/09/1973,Tidak Bekerja,51,"P1,P3,P5",3,"Score: 3/6 - P1,P3,P5"
320029437733187000,Rrini Mayasari,Makassar,17/12/1962,Petani,62,"P1,P3,P6",3,"Score: 3/6 - P1,P3,P6"
320059055169685000,Kasim Widodo,Manado,23/07/1967,Karyawan,57,"P1,P3,P5,P6",4,"Score: 4/6 - P1,P3,P5,P6"
320093795398310000,Cut Gina Putra,Manokwari,16/04/1968,Karyawan,57,"P1,P3,P4",3,"Score: 3/6 - P1,P3,P4"
320080929455756000,Sabrina Adriansya,Pekanbaru,30/09/1991,Tidak Bekerja,33,"P1,P3,P5,P6",4,"Score: 4/6 - P1,P3,P5,P6"
320092777206498000,Kprayoga Tampubolon,Jayapura,11/02/1957,Tidak Bekerja,68,"P1,P3,P4,P5",4,"Score: 4/6 - P1,P3,P4,P5"
320016736632150000,Irfan Waskita,Bogor,04/05/2000,Karyawan,25,"P1,P3,P4,P6",4,"Score: 4/6 - P1,P3,P4,P6"
320038281231656000,Darmana Pangestu,Pekanbaru,01/10/1997,Wiraswasta,27,"P1,P5,P6",3,"Score: 3/6 - P1,P5,P6"
320006563833983000,Silvia Nurdiyanti,Yogyakarta,21/03/1956,Karyawan,69,"P1,P2,P5",3,"Score: 3/6 - P1,P2,P5"
320090594089543000,Puspa Siotang,Palembang,12/04/1963,Karyawan,62,"P1,P5",2,"Score: 2/6 - P1,P5"
320009142614080000,Ulya Winarno,Bandung,23/11/1982,Wiraswasta,42,"P1,P4",2,"Score: 2/6 - P1,P4"
320068801430657000,Mariadi Oktaviani,Samarinda,02/09/1973,Wiraswasta,51,"P1,P3,P4,P5",4,"Score: 4/6 - P1,P3,P4,P5"
320040617920222000,Arsanto Artati,Manado,06/01/1973,Wiraswasta,52,"P1,P2",2,"Score: 2/6 - P1,P2"
320072651023115000,Umar Megantara,Bandung,05/10/1996,Karyawan,28,"P1,P3,P4,P5,P6",5,"Score: 5/6 - P1,P3,P4,P5,P6"
320092009858704000,Alika Susanti,Lampung,12/04/1988,Karyawan,37,"P1,P2",2,"Score: 2/6 - P1,P2"
320098937701799000,Balidin Yolanda,Banjarmasin,06/04/1978,Tidak Bekerja,47,"P1,P3,P5,P6",4,"Score: 4/6 - P1,P3,P5,P6"
320026307319345000,Ayu Abibi,Gorontalo,10/02/1960,Wiraswasta,65,"P1,P3,P4,P6",4,"Score: 4/6 - P1,P3,P4,P6"
320068607340050000,Ida Usama,Medan,22/07/1955,Wiraswasta,69,"P1,P5,P6",3,"Score: 3/6 - P1,P5,P6"
320066817399783000,Puti Rati Ardianto,Kendari,05/12/1968,Buruh,56,"P1,P2,P5,P6",4,"Score: 4/6 - P1,P2,P5,P6"
320094183589450000,Dadap Fujiati,Medan,29/09/1999,Buruh,25,"P1,P3,P5,P6",4,"Score: 4/6 - P1,P3,P5,P6"
320051527504732000,Yance Aryanti,Manokwari,11/08/1958,Karyawan,66,"P1,P3,P4,P5,P6",5,"Score: 5/6 - P1,P3,P4,P5,P6"
320024529036247000,Eman Irawan,Pontianak,15/02/1960,Petani,65,"P1,P3,P5,P6",4,"Score: 4/6 - P1,P3,P5,P6"
320044198140495000,Najib Saragi,Padang,22/01/1992,Buruh,33,"P1,P6",2,"Score: 2/6 - P1,P6"
320088057220428000,Laswi Wasita,Palangka Raya,18/01/1957,Karyawan,68,"P1,P4,P6",3,"Score: 3/6 - P1,P4,P6"
320025256290361000,Karya Damanik,Malang,29/01/1975,Tidak Bekerja,50,"P1,P5,P6",3,"Score: 3/6 - P1,P5,P6"
320016605991285000,Lala Maryati,Pekanbaru,16/11/1955,Buruh,69,"P1,P3,P4",3,"Score: 3/6 - P1,P3,P4"
320030355829814000,Almira Usada,Samarinda,01/10/1967,Tidak Bekerja,57,"P1,P4,P6",3,"Score: 3/6 - P1,P4,P6"
320099866018964000,Kamidin Santoso,Jayapura,22/04/1955,Tidak Bekerja,70,"P1,P5,P6",3,"Score: 3/6 - P1,P5,P6"
320027393762364000,Diana Fujiati,Surabaya,07/05/1960,Karyawan,65,"P1,P5,P6",3,"Score: 3/6 - P1,P5,P6"
320023334057645000,Alim Wastuti,Jayapura,10/09/1995,Buruh,29,"P1,P4,P5,P6",4,"Score: 4/6 - P1,P4,P5,P6"
320022088612800000,Jagaraga Akim,Banjarmasin,09/04/1987,Tidak Bekerja,38,"P1,P3",2,"Score: 2/6 - P1,P3"
320082647212918000,Raayu Sudiati,Palu,06/12/1988,Tidak Bekerja,36,"P1,P3,P4,P5",4,"Score: 4/6 - P1,P3,P4,P5"
320079149785068000,Joko Utasoit.,Sorong,16/11/1955,Karyawan,69,"P1,P3,P4,P6",4,"Score: 4/6 - P1,P3,P4,P6"
320048378329216000,Sutan Mursinin Nasiruddin,Makassar,13/12/1956,Buruh,68,"P1,P3,P5,P6",4,"Score: 4/6 - P1,P3,P5,P6"
320065489093315000,Cayono Widiastuti,Semarang,16/08/1973,Wiraswasta,51,"P1,P5,P6",3,"Score: 3/6 - P1,P5,P6"
320027774846301000,Salima Abibi,Balikpapan,14/02/1976,Buruh,49,"P1,P5,P6",3,"Score: 3/6 - P1,P5,P6"
320098931434765000,Karta Laksmiwati,Makassar,18/01/1985,Wiraswasta,40,"P1,P3,P4,P5,P6",5,"Score: 5/6 - P1,P3,P4,P5,P6"
320077349993907000,Eka Utama,Jayapura,16/01/1962,Buruh,63,"P1,P3,P4,P5",4,"Score: 4/6 - P1,P3,P4,P5"
320012642532979000,Adika Prakasa,Lampung,17/11/1997,Petani,27,"P1,P3,P5,P6",4,"Score: 4/6 - P1,P3,P5,P6"
320035867762587000,Vivi Usada,Manado,02/03/1967,Tidak Bekerja,58,"P1,P3,P5",3,"Score: 3/6 - P1,P3,P5"
320098775891305000,Zizi Januar,Balikpapan,02/03/1987,Buruh,38,"P1,P5,P6",3,"Score: 3/6 - P1,P5,P6"
320014766954672000,Sutan Jono Nasyia,Bengkulu,01/04/1967,Tidak Bekerja,58,"P1,P2,P6",3,"Score: 3/6 - P1,P2,P6"
320096574258357000,Tomi Januar,Pekanbaru,21/06/1999,Petani,26,"P1,P5,P6",3,"Score: 3/6 - P1,P5,P6"
320041861544454000,Edi Purwanti,Makassar,03/05/1967,Petani,58,"P1,P3,P5,P6",4,"Score: 4/6 - P1,P3,P5,P6"
320092730757789000,Patricia Mangunsong,Bogor,03/04/1964,Karyawan,61,"P2,P6",2,"Score: 2/6 - P2,P6"
320022079495686000,Galur Andriani,Kendari,10/08/1987,Buruh,37,"P1,P6",2,"Score: 2/6 - P1,P6"
320006499168722000,Farunnisa Utasoit,Padang,09/09/1981,Buruh,43,"P1,P3,P6",3,"Score: 3/6 - P1,P3,P6"
320039052198796000,Kani Ardianto,Palangka Raya,26/06/1992,Tidak Bekerja,33,"P1,P4,P5",3,"Score: 3/6 - P1,P4,P5"
320014838604833000,Sutan Daliono Prakasa,Padang,08/11/1967,Petani,57,"P1,P2,P5",3,"Score: 3/6 - P1,P2,P5"
320050147812030000,Nurul Palastri,Depok,12/05/1976,Tidak Bekerja,49,"P1,P4,P5,P6",4,"Score: 4/6 - P1,P4,P5,P6"
320084488443524000,Sari Suryatmi,Bengkulu,18/12/1987,Petani,37,"P1,P5,P6",3,"Score: 3/6 - P1,P5,P6"
320032511094960000,Paulin Budiman,Malang,11/09/1988,Petani,36,"P1,P3,P4,P5,P6",5,"Score: 5/6 - P1,P3,P4,P5,P6"
320016771377441000,Ika Budiman,Sorong,13/01/1967,Karyawan,58,"P1,P3,P4",3,"Score: 3/6 - P1,P3,P4"
320060256043779000,Tedi Mandasari,Bekasi,16/04/1987,Petani,38,"P1,P4,P5",3,"Score: 3/6 - P1,P4,P5"
320099609870774000,Rangga Yulianti,Yogyakarta,25/08/1978,Petani,46,"P1,P3,P4,P6",4,"Score: 4/6 - P1,P3,P4,P6"
320077134244031000,Paiman Uwais,Palangka Raya,18/04/1973,Karyawan,52,"P1,P2,P5",3,"Score: 3/6 - P1,P2,P5"
320057447383702000,Laswi Lestari,Padang,28/02/1957,Tidak Bekerja,68,"P1,P5,P6",3,"Score: 3/6 - P1,P5,P6"
320046254165743000,Wardaya Siotang.,Surabaya,13/02/1955,Karyawan,70,"P1,P3,P5,P6",4,"Score: 4/6 - P1,P3,P5,P6"
320028479299214000,Tgkwani Mardiya,Banjarmasin,04/06/1955,Wiraswasta,70,"P1,P2,P3",3,"Score: 3/6 - P1,P2,P3"
320004658191465000,Raisa Raayu,Bengkulu,03/02/1963,Petani,62,"P1,P3,P6",3,"Score: 3/6 - P1,P3,P6"
320062128691967000,Kiandra Ardianto,Jambi,28/04/1974,Karyawan,51,"P1,P5,P6",3,"Score: 3/6 - P1,P5,P6"
320076934933838000,Ardi Sitompul,Makassar,03/03/1976,Petani,49,"P1,P5,P6",3,"Score: 3/6 - P1,P5,P6"
320097201033697000,Gabriella Ramawati,Manado,25/01/1999,Petani,26,"P1,P5",2,"Score: 2/6 - P1,P5"
320004932012745000,Restu Adriansya,Sorong,05/10/1963,Buruh,61,"P1,P3,P4,P5,P6",5,"Score: 5/6 - P1,P3,P4,P5,P6"
320042550679039000,Puji Nasiruddin,Palembang,01/10/1991,Tidak Bekerja,33,"P1,P3,P6",3,"Score: 3/6 - P1,P3,P6"
320018041417160000,Sutan Jayadi Irawan,Sorong,30/08/1967,Wiraswasta,57,"P1,P3,P4,P5",4,"Score: 4/6 - P1,P3,P4,P5"
320073981216661000,Cintia Lazuardi,Samarinda,04/05/1988,Karyawan,37,"P1,P2",2,"Score: 2/6 - P1,P2"
320002521069825000,Rama Firgantoro,Makassar,28/02/1987,Wiraswasta,38,"P1,P3,P5",3,"Score: 3/6 - P1,P3,P5"
320099349845941000,Paris Samosir,Palu,05/12/1995,Karyawan,29,"P1,P3,P4",3,"Score: 3/6 - P1,P3,P4"
320081448287419000,Ani Pertiwi,Manokwari,15/03/1985,Tidak Bekerja,40,"P1,P3,P4,P6",4,"Score: 4/6 - P1,P3,P4,P6"
320022064815138000,Agnes Zulkarnain,Padang,07/10/1955,Karyawan,69,"P1,P4,P5,P6",4,"Score: 4/6 - P1,P4,P5,P6"
320044211441762000,Jessica Siombing,Semarang,22/07/1974,Karyawan,50,"P1,P3,P5,P6",4,"Score: 4/6 - P1,P3,P5,P6"
320046207301634000,Safina Uyaina,Semarang,07/09/1993,Wiraswasta,31,"P1,P3,P6",3,"Score: 3/6 - P1,P3,P6"
320040582576477000,Arjaya Mandala,Semarang,18/02/2000,Wiraswasta,25,"P1,P3,P4,P6",4,"Score: 4/6 - P1,P3,P4,P6"
320078126744538000,Puti Melinda Oktaviani,Semarang,20/07/1957,Buruh,67,"P1,P3,P5,P6",4,"Score: 4/6 - P1,P3,P5,P6"
320043560562937000,Dian Pranowo,Depok,13/10/1964,Petani,60,"P1,P3,P5,P6",4,"Score: 4/6 - P1,P3,P5,P6"
320051713758124000,Karima Purnawati,Manokwari,02/03/1993,Wiraswasta,32,"P1,P5,P6",3,"Score: 3/6 - P1,P5,P6"
320063851334287000,Maida Uwais,Manado,11/09/1996,Buruh,28,"P1,P3,P4,P5,P6",5,"Score: 5/6 - P1,P3,P4,P5,P6"
320038062138407000,Kartika Mangunsong,Gorontalo,24/05/1967,Tidak Bekerja,58,"P1,P5",2,"Score: 2/6 - P1,P5"
320004573918632000,Rusman Artati,Surabaya,28/12/1972,Buruh,52,"P1,P3",2,"Score: 2/6 - P1,P3"
320095551505041000,Adiarja Ardiansya,Malang,30/12/1995,Buruh,29,"P1,P3,P6",3,"Score: 3/6 - P1,P3,P6"
320087550107986000,Jamil Namaga,Semarang,29/04/1975,Tidak Bekerja,50,"P1,P5,P6",3,"Score: 3/6 - P1,P5,P6"
320019965127675000,Rina Utama,Malang,27/01/1984,Buruh,41,"P1,P3,P5,P6",4,"Score: 4/6 - P1,P3,P5,P6"
320020702177952000,Gina Jailani.,Palembang,01/11/1960,Buruh,64,"P1,P3,P5,P6",4,"Score: 4/6 - P1,P3,P5,P6"
320074495296015000,Farunnisa Siotang,Padang,07/05/1956,Buruh,69,"P1,P2,P5",3,"Score: 3/6 - P1,P2,P5"
320029773305353000,Jane Idayanto,Bogor,01/07/1973,Wiraswasta,52,"P1,P5",2,"Score: 2/6 - P1,P5"
320055110988462000,Samia Pertiwi,Samarinda,12/07/1993,Buruh,31,"P1,P5",2,"Score: 2/6 - P1,P5"
320001899484923000,Ani Alim,Manado,30/05/1988,Petani,37,"P1,P6",2,"Score: 2/6 - P1,P6"
320028222304766000,Balijan Manullang,Manado,07/09/1985,Wiraswasta,39,"P1,P6",2,"Score: 2/6 - P1,P6"
320010322269540000,Embu Aryanto,Pekanbaru,09/12/1963,Petani,61,"P1,P4,P6",3,"Score: 3/6 - P1,P4,P6"
320094498846694000,Wirda Siregar,Balikpapan,13/07/1959,Karyawan,65,"P1,P4,P5,P6",4,"Score: 4/6 - P1,P4,P5,P6"
320030818841329000,Sabrina Narpati,Merauke,20/09/1971,Buruh,53,"P1,P3,P5,P6",4,"Score: 4/6 - P1,P3,P5,P6"
320072406155240000,Yono Utasoit,Jambi,07/09/1981,Petani,43,"P1,P6",2,"Score: 2/6 - P1,P6"
320065240680643000,Ika Setiawan,Gorontalo,27/01/1970,Karyawan,55,"P1,P3,P5,P6",4,"Score: 4/6 - P1,P3,P5,P6"
320023258433442000,Ira Winarno,Depok,22/11/1998,Wiraswasta,26,"P1,P3,P4,P5,P6",5,"Score: 5/6 - P1,P3,P4,P5,P6"
320015230706647000,Kcakrawala Fujiati,Surabaya,24/02/1995,Tidak Bekerja,30,"P1,P3,P6",3,"Score: 3/6 - P1,P3,P6"
320033034227158000,Mitra Assana,Pekanbaru,02/07/1996,Tidak Bekerja,29,"P1,P6",2,"Score: 2/6 - P1,P6"
320069357830436000,Asna Maryati,Semarang,29/07/1959,Petani,65,"P1,P3,P5,P6",4,"Score: 4/6 - P1,P3,P5,P6"
320086955905586000,Azalea Kusumo,Jayapura,11/05/1986,Tidak Bekerja,39,"P1,P5,P6",3,"Score: 3/6 - P1,P5,P6"
320096059172362000,Artawan Latupono,Bogor,07/04/1991,Buruh,34,"P1,P3,P6",3,"Score: 3/6 - P1,P3,P6"
320019705412087000,Pangeran Lazuardi,Makassar,02/12/1990,Tidak Bekerja,34,"P1,P3,P5,P6",4,"Score: 4/6 - P1,P3,P5,P6"
320070438952762000,Puti Suryono,Malang,14/10/1984,Buruh,40,"P1,P3,P5",3,"Score: 3/6 - P1,P3,P5"
320009985394618000,Nrima Nurdiyanti,Sorong,08/10/1992,Wiraswasta,32,"P1,P2",2,"Score: 2/6 - P1,P2"
320002982360009000,Vera Nurdiyanti,Balikpapan,08/09/1981,Tidak Bekerja,43,"P1,P3,P5,P6",4,"Score: 4/6 - P1,P3,P5,P6"
320029032296800000,Mala Maendra,Semarang,28/08/1957,Buruh,67,"P1,P3,P4,P5,P6",5,"Score: 5/6 - P1,P3,P4,P5,P6"
320004014810853000,Ika Fujiati,Kendari,10/02/1977,Wiraswasta,48,"P1,P4,P5,P6",4,"Score: 4/6 - P1,P4,P5,P6"
320010227712157000,Cindy Susanti,Merauke,23/12/1979,Wiraswasta,45,"P1,P3,P5,P6",4,"Score: 4/6 - P1,P3,P5,P6"
320076512928681000,Tania Rajasa,Pekanbaru,13/03/1993,Tidak Bekerja,32,"P1,P4,P5",3,"Score: 3/6 - P1,P4,P5"
320084102773778000,Damar Maryati,Manado,21/12/1963,Tidak Bekerja,61,"P1,P3,P5",3,"Score: 3/6 - P1,P3,P5"
320079723183096000,Ica Abibi,Makassar,29/11/1976,Wiraswasta,48,"P1,P4",2,"Score: 2/6 - P1,P4"
320067932787971000,Sakura Yuniar,Malang,23/05/1988,Buruh,37,"P1,P5,P6",3,"Score: 3/6 - P1,P5,P6"
320017454342102000,Maida Gunarto,Jambi,06/06/1972,Wiraswasta,53,"P1,P5,P6",3,"Score: 3/6 - P1,P5,P6"
320005534813300000,Jayadi Nurdiyanti,Semarang,18/01/1992,Buruh,33,"P1,P3,P5,P6",4,"Score: 4/6 - P1,P3,P5,P6"
320067140505099000,Eli Utama,Bogor,26/06/1973,Wiraswasta,52,"P1,P3,P6",3,"Score: 3/6 - P1,P3,P6"
320089061922021000,Paris Sitompul,Lampung,08/02/1968,Petani,57,"P1,P5,P6",3,"Score: 3/6 - P1,P5,P6"
320050735767251000,Legawa Permadi,Lampung,03/07/1967,Wiraswasta,58,"P1,P3,P4,P5,P6",5,"Score: 5/6 - P1,P3,P4,P5,P6"
320078328765266000,Mnrima Suartini,Manokwari,08/06/1965,Wiraswasta,60,"P1,P2,P5,P6",4,"Score: 4/6 - P1,P2,P5,P6"
320087813667407000,Cut Novi Saptono,Bengkulu,03/12/1978,Tidak Bekerja,46,"P1,P5,P6",3,"Score: 3/6 - P1,P5,P6"
320094550145753000,Lemba Siombing,Makassar,17/04/2000,Tidak Bekerja,25,"P1,P6",2,"Score: 2/6 - P1,P6"
320009660142262000,Enda Aryanti,Medan,09/01/1964,Wiraswasta,61,"P1,P6",2,"Score: 2/6 - P1,P6"
320062744180087000,Paulin Putra,Sorong,15/01/1982,Buruh,43,P6,1,Score: 1/6 - P6
320045984187504000,Amalia Laksmiwati,Semarang,09/10/1993,Petani,31,"P1,P3,P4,P5,P6",5,"Score: 5/6 - P1,P3,P4,P5,P6"
320035866934815000,Purwadi Usada,Padang,17/03/2000,Wiraswasta,25,"P1,P5,P6",3,"Score: 3/6 - P1,P5,P6"
320019547234012000,Unggul Utami,Bengkulu,30/11/1991,Wiraswasta,33,"P1,P2,P5",3,"Score: 3/6 - P1,P2,P5"
320022505036585000,Arsanto Januar,Pontianak,12/11/1969,Petani,55,"P1,P4,P5,P6",4,"Score: 4/6 - P1,P4,P5,P6"
320085230359257000,Marsito Mangunsong,Manado,20/04/1984,Petani,41,"P1,P2,P4,P5",4,"Score: 4/6 - P1,P2,P4,P5"
320099409048745000,Safina Putra,Palembang,21/12/1990,Tidak Bekerja,34,"P1,P3,P5,P6",4,"Score: 4/6 - P1,P3,P5,P6"
320077403889945000,Jasmin Pradipta,Surabaya,04/01/1968,Wiraswasta,57,"P1,P3,P5,P6",4,"Score: 4/6 - P1,P3,P5,P6"
320077008216183000,Martani Dongoran,Jambi,30/06/1996,Petani,29,"P1,P3,P5,P6",4,"Score: 4/6 - P1,P3,P5,P6"
320057290214152000,Unjani Mandala,Medan,20/11/1973,Tidak Bekerja,51,"P1,P2,P4",3,"Score: 3/6 - P1,P2,P4"
320072541284092000,Tgkjuli Wijaya,Bekasi,15/11/1973,Wiraswasta,51,"P1,P4,P5",3,"Score: 3/6 - P1,P4,P5"
320026266721062000,Pangestu Suryatmi,Palangka Raya,14/09/1977,Wiraswasta,47,"P1,P5,P6",3,"Score: 3/6 - P1,P5,P6"
320057178375065000,Endra Wulandari.,Yogyakarta,21/06/1959,Karyawan,66,"P1,P3,P4,P5,P6",5,"Score: 5/6 - P1,P3,P4,P5,P6"
320035649572331000,Sabrina Saragi,Samarinda,26/11/1970,Buruh,54,"P1,P3,P5,P6",4,"Score: 4/6 - P1,P3,P5,P6"
320087389669157000,Banawa Astuti,Sorong,21/03/1984,Wiraswasta,41,"P1,P3,P5",3,"Score: 3/6 - P1,P3,P5"
320083705513822000,Safina Astuti,Balikpapan,20/02/1977,Petani,48,"P1,P5,P6",3,"Score: 3/6 - P1,P5,P6"
320049837061632000,Ajiman Nugroo,Pontianak,27/03/1981,Petani,44,"P1,P4,P5,P6",4,"Score: 4/6 - P1,P4,P5,P6"
320065869937573000,Jarwa Pratiwi,Kendari,04/03/1960,Petani,65,"P1,P3,P4,P5,P6",5,"Score: 5/6 - P1,P3,P4,P5,P6"
320017408156699000,Kanda Adriansya,Jayapura,02/03/1993,Karyawan,32,"P1,P2,P6",3,"Score: 3/6 - P1,P2,P6"
320052370281350000,Gambira Farida,Medan,02/05/1982,Tidak Bekerja,43,"P1,P3,P4,P5",4,"Score: 4/6 - P1,P3,P4,P5"
320052852148984000,Arsanto Laksita,Padang,15/05/1998,Wiraswasta,27,"P1,P2,P5",3,"Score: 3/6 - P1,P2,P5"
320046600810610000,Gambira Palastri,Merauke,27/05/1959,Karyawan,66,"P1,P4,P6",3,"Score: 3/6 - P1,P4,P6"
320027224136088000,Mariadi Wacana,Palu,14/08/1979,Karyawan,45,"P1,P5,P6",3,"Score: 3/6 - P1,P5,P6"
320007738011195000,Latif Wacana,Merauke,09/08/1972,Wiraswasta,52,"P1,P5,P6",3,"Score: 3/6 - P1,P5,P6"
320006039973669000,Jagapati Wibowo,Pontianak,08/07/1984,Wiraswasta,40,"P1,P3,P4,P5",4,"Score: 4/6 - P1,P3,P4,P5"
320070870354251000,Rella Nainggolan,Manokwari,14/10/1996,Tidak Bekerja,28,"P1,P3,P5",3,"Score: 3/6 - P1,P3,P5"
320015352384530000,Dian Mardiya,Manokwari,09/09/1971,Tidak Bekerja,53,"P1,P4,P5,P6",4,"Score: 4/6 - P1,P4,P5,P6"
320042124803182000,Darmana Ariya,Manado,21/12/1956,Petani,68,"P1,P3,P5",3,"Score: 3/6 - P1,P3,P5"
320079848360827000,Latif Siotang,Bandung,15/11/1989,Buruh,35,"P1,P2",2,"Score: 2/6 - P1,P2"
320008966202404000,Irwan Maendra,Palembang,21/01/1986,Buruh,39,"P1,P3,P5,P6",4,"Score: 4/6 - P1,P3,P5,P6"
320027910856249000,Cintia Prayoga,Bengkulu,27/08/1970,Karyawan,54,"P1,P3,P6",3,"Score: 3/6 - P1,P3,P6"
320010583527179000,Pandu Purnawati,Padang,12/01/1958,Tidak Bekerja,67,"P1,P3,P5,P6",4,"Score: 4/6 - P1,P3,P5,P6"
320007492232554000,Rati Zulkarnain,Pekanbaru,26/03/1991,Petani,34,"P1,P2,P6",3,"Score: 3/6 - P1,P2,P6"
320054422436190000,Tgkbakiono Prasetya,Lampung,25/06/1989,Buruh,36,"P1,P3,P4,P5,P6",5,"Score: 5/6 - P1,P3,P4,P5,P6"
320010370991564000,Puti Ika Ariya,Bandung,21/03/1988,Wiraswasta,37,"P1,P3,P4,P5,P6",5,"Score: 5/6 - P1,P3,P4,P5,P6"
320010133994098000,Ari Idayanto,Palembang,10/12/1973,Petani,51,"P1,P3,P5,P6",4,"Score: 4/6 - P1,P3,P5,P6"
320020909455178000,Cut Jessica Raayu,Palembang,19/05/1976,Wiraswasta,49,"P1,P3",2,"Score: 2/6 - P1,P3"
320033670142312000,Irnanto Andayani,Pontianak,13/04/1966,Petani,59,"P1,P3,P4,P5",4,"Score: 4/6 - P1,P3,P4,P5"
320081799533775000,Nalar Nuraini,Banjarmasin,03/08/1999,Wiraswasta,25,"P1,P2,P6",3,"Score: 3/6 - P1,P2,P6"
320043521058218000,Jasmin Budiyanto,Sorong,15/04/1982,Tidak Bekerja,43,"P1,P2,P5",3,"Score: 3/6 - P1,P2,P5"
320072065235688000,Fitria Abibi,Bengkulu,25/06/1993,Tidak Bekerja,32,"P1,P3,P4,P6",4,"Score: 4/6 - P1,P3,P4,P6"
320014410422014000,Aurora Budiman,Samarinda,08/12/1976,Karyawan,48,"P1,P3,P5,P6",4,"Score: 4/6 - P1,P3,P5,P6"
320038680639337000,Vivi Assana,Jayapura,15/01/1978,Tidak Bekerja,47,"P1,P2",2,"Score: 2/6 - P1,P2"
320063973054937000,Amima Firmansya,Banjarmasin,27/10/1983,Tidak Bekerja,41,"P1,P3,P5,P6",4,"Score: 4/6 - P1,P3,P5,P6"
320055535750033000,Ellis Yulianti,Manado,18/06/1975,Petani,50,"P1,P3,P5",3,"Score: 3/6 - P1,P3,P5"
320011678823410000,Ella Simbolon,Pontianak,11/11/1972,Tidak Bekerja,52,"P1,P4,P5,P6",4,"Score: 4/6 - P1,P4,P5,P6"
320081072742902000,Sari Astuti,Kendari,21/08/1963,Karyawan,61,"P1,P4,P6",3,"Score: 3/6 - P1,P4,P6"
